term,beta,SE,OR,OR_low_95Wald,OR_high_95Wald,LRT_p,n_species_pairs,n_rows
groupbetween,-1.6428229571714794,0.008669672634866489,0.19343321713452272,0.19017406102522794,0.1967482278566258,0,1712,3424
