#Df,LogLik,Df,Chisq,Pr(>Chisq)
3,-28863.563192368336,NA,NA,NA
4,-12233.772297302934,1,33259.581790130804,0
