category,count,fraction
Prevalence = 100%,4916,0.4454108906405726
Prevalence < 100%,6121,0.5545891093594274
