phenotype,LRT_p,down_prop_LRT_p_lt_0_05,down_direction_same_frac,leave_top5_LRT_p,term_used,beta_used,OR_used,coef_p_used,neglog10_LRT_p,direction
Anemia,5.955429822923205e-92,1,1,6.991865879564765e-94,Phenotype1,1.0072881085854584,2.7381653301385818,6.305652314643366e-93,91.22508688859139,OR > 1
IBD,6.3560790325821885e-34,0.99,1,8.503546340755639e-91,Phenotype1,0.31894620913199645,1.375677324038419,8.298660278900156e-34,33.19681071133864,OR > 1
PetsChild0to15Y.Any,1.3979782323778238e-23,1,1,1.0423712710598908e-15,Phenotype1,0.3986157115147332,1.4897610105889465,1.8574639620388538e-22,22.85449959084484,OR > 1
Urbanicity,2.701776880258694e-20,1,1,4.179911266015328e-83,Phenotype5,-0.10423352022287218,0.9010148676596516,0.07510649627035593,19.568350518997725,OR < 1
HeartRateComplains,1.647021050983856e-9,1,1,2.1049286144226247e-15,Phenotype1,0.20721484786830985,1.230246859304147,1.854820045773624e-9,8.783300849969468,OR > 1
