#Df,LogLik,Df,Chisq,Pr(>Chisq)
3,-2041.296484739798,NA,NA,NA
4,-1949.5543569186002,1,183.4842556423955,8.408243357392444e-42
